CHROM,POS,ID,REF,ALT,QUAL,FILTER,INFO,FORMAT,NA12878
chr21,10413202,.,G,A,29.21,PASS,AC=1;AF=0.5;AN=2;DP=6;FS=0;MQ=84.25;MQRankSum=-0.988;QD=4.87;ReadPosRankSum=0.988;SOR=0.693;FractionInformativeReads=1,GT:AD:AF:DP:F1R2:F2R1:GQ:PL:GP:PRI:SB:MB:PS,"0|1:3,3:0.5:6:3,1:0,2:29:64,0,47:29.215,0.0052553,49.505:0,34.77,37.77:3,0,3,0:3,0,1,2:10413190"
chr21,10413217,.,C,T,23.72,PASS,AC=1;AF=0.5;AN=2;DP=6;FS=0;MQ=92.49;MQRankSum=-1.38;QD=3.95;ReadPosRankSum=0.72;SOR=0.307;FractionInformativeReads=1,GT:AD:AF:DP:F1R2:F2R1:GQ:PL:GP:PRI:SB:MB:PS,"0|1:4,2:0.333:6:3,0:1,2:24:58,0,47:23.718,0.018537,49.519:0,34.77,37.77:4,0,2,0:3,1,0,2:10413190"
chr21,10413630,.,G,A,35.94,PASS,AC=1;AF=0.5;AN=2;DP=120;FS=6.74;MQ=142.43;MQRankSum=-7.881;QD=0.3;ReadPosRankSum=4.088;SOR=0.303;FractionInformativeReads=0.975,GT:AD:AF:DP:F1R2:F2R1:GQ:PL:GP:PRI:SB:MB,"0/1:80,37:0.316:117:35,18:45,19:36:71,0,50:35.939,0.0011283,53.001:0,34.77,37.77:57,23,22,15:38,42,17,20"
chr21,10413734,.,A,G,26.06,PASS,AC=1;AF=0.5;AN=2;DP=155;FS=14.074;MQ=211.11;MQRankSum=-9.102;QD=0.17;ReadPosRankSum=0.45;SOR=0.798;FractionInformativeReads=0.987,GT:AD:AF:DP:F1R2:F2R1:GQ:PL:GP:PRI:SB:MB:PS,"0|1:115,38:0.248:153:49,20:66,18:26:61,0,47:26.062,0.010811,50.011:0,34.77,37.78:71,44,16,22:53,62,20,18:10413729"
chr21,10413831,.,C,T,41.99,PASS,AC=1;AF=0.5;AN=2;DP=94;FS=8.631;MQ=222.74;MQRankSum=2.62;QD=0.45;ReadPosRankSum=1.137;SOR=1.763;FractionInformativeReads=0.989,GT:AD:AF:DP:F1R2:F2R1:GQ:PL:GP:PRI:SB:MB,"0/1:62,31:0.333:93:30,14:32,17:41:77,0,47:41.987,0.00031829,50:0,34.77,37.78:20,42,5,26:32,30,20,11"
chr21,10414147,.,T,C,42.77,PASS,AC=1;AF=0.5;AN=2;DP=18;FS=0;MQ=108.52;MQRankSum=-3.243;QD=2.38;ReadPosRankSum=0.4;SOR=0.512;FractionInformativeReads=1,GT:AD:AF:DP:F1R2:F2R1:GQ:PL:GP:PRI:SB:MB,"0/1:10,8:0.444:18:4,3:6,5:42:78,0,48:42.768,0.00026109,51.4:0,34.77,37.77:0,10,0,8:6,4,5,3"
chr21,10414175,.,C,T,25.5,PASS,AC=1;AF=0.5;AN=2;DP=13;FS=0;MQ=132.56;MQRankSum=-2.282;QD=1.96;ReadPosRankSum=-0.93;SOR=0.124;FractionInformativeReads=1,GT:AD:AF:DP:F1R2:F2R1:GQ:PL:GP:PRI:SB:MB,"0/1:10,3:0.231:13:4,2:6,1:25:60,0,49:25.504,0.012273,51.962:0,34.77,37.77:0,10,0,3:6,4,1,2"
chr21,10414509,.,G,T,22.89,PASS,AC=1;AF=0.5;AN=2;DP=11;FS=0;MQ=96.96;MQRankSum=-1.708;QD=2.08;ReadPosRankSum=0.382;SOR=0.18;FractionInformativeReads=1,GT:AD:AF:DP:F1R2:F2R1:GQ:PL:GP:PRI:SB:MB,"0/1:8,3:0.273:11:5,1:3,2:23:58,0,48:22.893,0.022403,51.122:0,34.77,37.77:8,0,3,0:5,3,1,2"
chr21,10414524,.,T,C,24.7,PASS,AC=1;AF=0.5;AN=2;DP=10;FS=0;MQ=101.44;MQRankSum=-2.166;QD=2.47;ReadPosRankSum=-0.546;SOR=0.223;FractionInformativeReads=1,GT:AD:AF:DP:F1R2:F2R1:GQ:PL:GP:PRI:SB:MB,"0/1:7,3:0.3:10:5,1:2,2:25:59,0,48:24.699,0.014777,51.115:0,34.77,37.77:7,0,3,0:5,2,1,2"
chr21,10414626,.,C,G,32.04,PASS,AC=1;AF=0.5;AN=2;DP=22;FS=0;MQ=115.69;MQRankSum=-3.94;QD=1.46;ReadPosRankSum=1.536;SOR=0.412;FractionInformativeReads=1,GT:AD:AF:DP:F1R2:F2R1:GQ:PL:GP:PRI:SB:MB:PS,"0|1:13,9:0.409:22:9,4:4,5:32:67,0,46:32.038,0.0027766,48.653:0,34.77,37.78:13,0,9,0:9,4,4,5:10414626"
chr21,10414627,.,T,G,32.04,PASS,AC=1;AF=0.5;AN=2;DP=22;FS=0;MQ=115.69;MQRankSum=-3.94;QD=1.46;ReadPosRankSum=1.603;SOR=0.412;FractionInformativeReads=1,GT:AD:AF:DP:F1R2:F2R1:GQ:PL:GP:PRI:SB:MB:PS,"0|1:13,9:0.409:22:9,4:4,5:32:67,0,46:32.038,0.0027766,48.653:0,34.77,37.78:13,0,9,0:9,4,4,5:10414626"
chr21,10423895,.,C,T,49.53,PASS,AC=2;AF=1;AN=2;DP=3;FS=0;MQ=82.38;QD=16.51;SOR=2.303;FractionInformativeReads=0.667,GT:AD:AF:DP:F1R2:F2R1:GQ:PL:GP:PRI:SB:MB,"1/1:0,2:1:2:0,0:0,2:5:86,6,0:49.528,4.7779,1.7576:0,34.77,37.77:0,0,2,0:0,0,0,2"
chr21,10423969,.,C,CAA,32.82,PASS,AC=1;AF=0.5;AN=2;DP=5;FS=0;MQ=125.18;MQRankSum=-1.026;QD=6.56;ReadPosRankSum=1.026;SOR=0.105;FractionInformativeReads=0.8,GT:AD:AF:DP:F1R2:F2R1:GQ:PL:GP:PRI:SB:MB:PS,"0|1:2,2:0.5:4:0,0:2,2:3:57,2,0:32.824,2.6617,3.3943:0,25,28.01:0,2,1,1:2,0,1,1:10423937"
chr21,10424177,.,T,C,45.15,PASS,AC=2;AF=1;AN=2;DP=2;FS=0;MQ=50.62;QD=22.58;SOR=2.303;FractionInformativeReads=1,GT:AD:AF:DP:F1R2:F2R1:GQ:PL:GP:PRI:SB:MB,"1/1:0,2:1:2:0,0:0,2:5:81,6,0:45.153,4.778,1.7577:0,34.77,37.77:0,0,0,2:0,0,2,0"
chr21,10425720,.,C,CAAA,26.72,PASS,AC=2;AF=1;AN=2;DP=2;FS=0;MQ=124.33;QD=13.36;SOR=2.303;FractionInformativeReads=1,GT:AD:AF:DP:F1R2:F2R1:GQ:PL:GP:PRI:SB:MB,"1/1:0,2:1:2:0,0:0,2:5:42,6,0:24.025,4.6885,1.829:0,17,20:0,0,0,2:0,0,2,0"
chr21,10426358,.,C,T,36.33,PASS,AC=1;AF=0.5;AN=2;DP=5;FS=0;MQ=97.51;MQRankSum=-1.231;QD=7.27;ReadPosRankSum=-1.231;SOR=1.022;FractionInformativeReads=1,GT:AD:AF:DP:F1R2:F2R1:GQ:PL:GP:PRI:SB:MB,"0/1:2,3:0.6:5:2,3:0,0:36:71,0,47:36.334,0.0010545,49.914:0,34.77,37.77:2,0,3,0:2,0,3,0"
chr21,10426934,.,G,A,30.92,PASS,AC=1;AF=0.5;AN=2;DP=4;FS=0;MQ=67.69;MQRankSum=0.736;QD=7.73;ReadPosRankSum=-0.736;SOR=1.179;FractionInformativeReads=0.75,GT:AD:AF:DP:F1R2:F2R1:GQ:PL:GP:PRI:SB:MB,"0/1:1,2:0.667:3:0,2:1,0:8:65,0,5:30.925,0.69489,8.3253:0,34.77,37.77:0,1,0,2:1,0,0,2"
chr21,10426990,.,A,G,23.26,PASS,AC=2;AF=1;AN=2;DP=7;FS=0;MQ=71.62;QD=3.32;SOR=1.179;FractionInformativeReads=0.429,GT:AD:AF:DP:F1R2:F2R1:GQ:PL:GP:PRI:SB:MB,"1/1:0,3:1:3:0,1:0,2:7:60,9,0:23.262,7.2779,0.92523:0,34.77,37.77:0,0,1,2:0,0,1,2"
chr21,10426996,.,A,T,23.93,PASS,AC=1;AF=0.5;AN=2;DP=7;FS=0;MQ=71.62;MQRankSum=0.727;QD=3.42;ReadPosRankSum=0.727;SOR=0.446;FractionInformativeReads=0.571,GT:AD:AF:DP:F1R2:F2R1:GQ:PL:GP:PRI:SB:MB,"0/1:1,3:0.75:4:1,3:0,0:24:59,0,31:23.928,0.019332,34.05:0,34.77,37.77:0,1,1,2:0,1,1,2"
chr21,10427003,.,A,"G,T",53.61,PASS,"AC=1,1;AF=0.5,0.5;AN=2;DP=6;FS=0;MQ=76.18;QD=8.94;SOR=1.329;FractionInformativeReads=1",GT:AD:AF:DP:F1R2:F2R1:GQ:PL:GP:PRI:SB:MB,"1/2:0,3,3:0.5,0.5:6:0,2,3:0,1,0:8:122,60,48,49,0,40:53.612,26.224,17.334,14.798,0.83696,9.1617:0,34.77,37.77,34.77,69.54,37.77:0,0,2,4:0,0,1,5"
chr21,10427005,.,G,"GGTGGTCGTTGTTTTA,A",49.27,PASS,"AC=1,1;AF=0.5,0.5;AN=2;DP=6;FS=0;MQ=76.18;MQRankSum=0.736;QD=8.21;ReadPosRankSum=0.736;SOR=0.368;FractionInformativeReads=1",GT:AD:AF:DP:F1R2:F2R1:GQ:PL:GP:PRI:SB:MB,"1/2:1,2,3:0.333,0.5:6:1,1,3:0,1,0:7:99,41,81,74,0,57:49.269,7.1441,49.982,58.958,0.93165,44.691:0,16,19,34.77,50.77,37.77:0,1,2,3:0,1,1,4"
chr21,10427012,.,G,A,42.54,PASS,AC=1;AF=0.5;AN=2;DP=6;FS=0;MQ=76.18;MQRankSum=0;QD=7.09;ReadPosRankSum=0.72;SOR=1.609;FractionInformativeReads=1,GT:AD:AF:DP:F1R2:F2R1:GQ:PL:GP:PRI:SB:MB,"0/1:2,4:0.667:6:1,4:1,0:21:77,0,18:42.538,0.037813,20.648:0,34.77,37.77:1,1,1,3:0,2,1,3"
chr21,10427033,.,G,A,46.05,PASS,AC=1;AF=0.5;AN=2;DP=6;FS=0;MQ=76.18;MQRankSum=0.406;QD=7.68;ReadPosRankSum=0.406;SOR=0.693;FractionInformativeReads=1,GT:AD:AF:DP:F1R2:F2R1:GQ:PL:GP:PRI:SB:MB,"0/1:3,3:0.5:6:2,3:1,0:43:81,0,43:46.05,0.00023024,45.5:0,34.77,37.77:1,2,1,2:0,3,1,2"
chr21,10427048,.,T,G,46.05,PASS,AC=1;AF=0.5;AN=2;DP=7;FS=0;MQ=71.83;MQRankSum=0.198;QD=6.58;ReadPosRankSum=1.495;SOR=0.18;FractionInformativeReads=1,GT:AD:AF:DP:F1R2:F2R1:GQ:PL:GP:PRI:SB:MB,"0/1:2,5:0.714:7:1,4:1,1:38:81,0,36:46.051,0.00069803,38.668:0,34.77,37.77:0,2,2,3:1,1,1,4"
chr21,10427086,.,G,C,30.71,PASS,AC=1;AF=0.5;AN=2;DP=9;FS=0;MQ=71;MQRankSum=-0.572;QD=3.41;ReadPosRankSum=1.589;SOR=1.445;FractionInformativeReads=0.889,GT:AD:AF:DP:F1R2:F2R1:GQ:PL:GP:PRI:SB:MB,"0/1:6,2:0.25:8:3,1:3,1:31:65,0,47:30.71,0.0037381,49.504:0,34.77,37.77:2,4,0,2:3,3,1,1"
chr21,10428168,.,G,T,78.72,PASS,AC=2;AF=1;AN=2;DP=12;FS=0;MQ=76.24;QD=6.56;SOR=3.611;FractionInformativeReads=1,GT:AD:AF:DP:F1R2:F2R1:GQ:PL:GP:PRI:SB:MB,"1/1:0,12:1:12:0,5:0,7:33:116,36,0:78.716,32.666,0.0023511:0,34.77,37.77:0,0,11,1:0,0,6,6"
chr21,10428232,.,C,T,31.86,PASS,AC=1;AF=0.5;AN=2;DP=17;FS=0;MQ=90.68;MQRankSum=0.063;QD=1.87;ReadPosRankSum=2.583;SOR=0.283;FractionInformativeReads=1,GT:AD:AF:DP:F1R2:F2R1:GQ:PL:GP:PRI:SB:MB,"0/1:14,3:0.176:17:7,2:7,1:32:67,0,44:31.858,0.0029097,47.503:0,34.77,37.78:13,1,3,0:8,6,2,1"
chr21,10428630,.,G,A,21.61,PASS,AC=1;AF=0.5;AN=2;DP=41;FS=0;MQ=82.41;MQRankSum=-3.797;QD=0.53;ReadPosRankSum=2.135;SOR=1.078;FractionInformativeReads=1,GT:AD:AF:DP:F1R2:F2R1:GQ:PL:GP:PRI:SB:MB,"0/1:29,12:0.293:41:19,4:10,8:22:56,0,48:21.614,0.030089,50.83:0,34.77,37.77:2,27,0,12:12,17,8,4"
chr21,10428738,.,C,A,87.04,PASS,AC=2;AF=1;AN=2;DP=16;FS=0;MQ=54.96;QD=5.44;SOR=5.67;FractionInformativeReads=1,GT:AD:AF:DP:F1R2:F2R1:GQ:PL:GP:PRI:SB:MB:PS,"1|1:0,16:1:16:0,13:0,3:45:125,48,0:87.038,45.163,0.0001323:0,34.77,37.77:0,0,0,16:0,0,3,13:10428713"
chr21,10432023,.,G,GT,22.18,PASS,AC=1;AF=0.5;AN=2;DP=4;FS=0;MQ=192.65;MQRankSum=-1.026;QD=5.55;ReadPosRankSum=0;SOR=0.693;FractionInformativeReads=1,GT:AD:AF:DP:F1R2:F2R1:GQ:PL:GP:PRI:SB:MB,"0/1:2,2:0.5:4:2,2:0,0:22:51,0,44:22.185,0.026433,46.74:0,29,32:1,1,1,1:1,1,1,1"
chr21,10432471,.,T,C,50.0,PASS,AC=1;AF=0.5;AN=2;DP=5;FS=0;MQ=132.28;MQRankSum=-0.731;QD=10;ReadPosRankSum=-0.731;SOR=0.223;FractionInformativeReads=1,GT:AD:AF:DP:F1R2:F2R1:GQ:PL:GP:PRI:SB:MB,"0/1:1,4:0.8:5:1,3:0,1:32:85,0,29:50.003,0.0026459,32.225:0,34.77,37.78:1,0,2,2:1,0,3,1"
chr21,10440340,.,G,C,34.34,PASS,AC=1;AF=0.5;AN=2;DP=3;FS=0;MQ=86.01;MQRankSum=-0.736;QD=11.45;ReadPosRankSum=0.736;SOR=1.179;FractionInformativeReads=1,GT:AD:AF:DP:F1R2:F2R1:GQ:PL:GP:PRI:SB:MB,"0/1:1,2:0.667:3:1,1:0,1:33:69,0,36:34.336,0.0021805,38.747:0,34.77,37.77:0,1,0,2:0,1,1,1"
chr21,10447401,.,CTTTTTTTTTTTTT,"CTTT,C",54.22,PASS,"AC=1,1;AF=0.5,0.5;AN=2;DP=3;FS=0;MQ=44.3;QD=18.07;SOR=2.303;FractionInformativeReads=0.667",GT:AD:AF:DP:F1R2:F2R1:GQ:PL:GP:PRI:SB:MB,"1/2:0,1,1:0.5,0.5:2:0,1,0:0,0,1:8:59,19,13,17,0,11:54.22,16.453,13.442,15.22,0.74755,12.207:0,3,6,3,6,6:0,0,2,0:0,0,1,1"
chr21,10447465,.,G,A,46.28,PASS,AC=2;AF=1;AN=2;DP=3;FS=0;MQ=54.13;QD=15.43;SOR=2.303;FractionInformativeReads=0.667,GT:AD:AF:DP:F1R2:F2R1:GQ:PL:GP:PRI:SB:MB,"1/1:0,2:1:2:0,1:0,1:5:82,6,0:46.278,4.778,1.7577:0,34.77,37.77:0,0,0,2:0,0,1,1"
chr21,10453653,.,C,CTT,46.65,PASS,AC=2;AF=1;AN=2;DP=2;FS=0;MQ=54.89;QD=23.33;SOR=2.303;FractionInformativeReads=1,GT:AD:AF:DP:F1R2:F2R1:GQ:PL:GP:PRI:SB:MB,"1/1:0,2:1:2:0,2:0,0:5:77,6,0:46.653,4.778,1.7577:0,29,32:0,0,2,0:0,0,2,0"
chr21,10453718,.,G,A,41.56,PASS,AC=1;AF=0.5;AN=2;DP=7;FS=0;MQ=52.16;MQRankSum=0;QD=5.94;ReadPosRankSum=1.754;SOR=0.495;FractionInformativeReads=1,GT:AD:AF:DP:F1R2:F2R1:GQ:PL:GP:PRI:SB:MB,"0/1:4,3:0.429:7:3,2:1,1:39:76,0,41:41.564,0.00049144,43.625:0,34.77,37.77:4,0,3,0:3,1,2,1"
chr21,10454048,.,C,CAG,38.0,PASS,AC=1;AF=0.5;AN=2;DP=38;FS=0;MQ=70.31;MQRankSum=-5.196;QD=1;ReadPosRankSum=0.747;SOR=0.269;FractionInformativeReads=0.974,GT:AD:AF:DP:F1R2:F2R1:GQ:PL:GP:PRI:SB:MB,"0/1:17,20:0.541:37:7,8:10,12:37:67,0,42:38.001,0.00081784,45.252:0,29,32:17,0,19,1:7,10,9,11"
chr21,10454449,.,C,G,129.64,PASS,AC=2;AF=1;AN=2;DP=29;FS=0;MQ=59.25;QD=4.47;SOR=5.353;FractionInformativeReads=1,GT:AD:AF:DP:F1R2:F2R1:GQ:PL:GP:PRI:SB:MB,"1/1:0,29:1:29:0,12:0,17:84:167,87,0:129.64,84.289,1.6177e-08:0,34.77,37.77:0,0,1,28:0,0,16,13"
chr21,10462694,.,C,T,45.2,PASS,AC=1;AF=0.5;AN=2;DP=38;FS=0;MQ=63.31;MQRankSum=2.306;QD=1.19;ReadPosRankSum=3.445;SOR=0.203;FractionInformativeReads=1,GT:AD:AF:DP:F1R2:F2R1:GQ:PL:GP:PRI:SB:MB,"0/1:19,19:0.5:38:7,7:12,12:42:80,0,42:45.2,0.00026723,45.04:0,34.77,37.77:19,0,18,1:7,12,8,11"
chr21,10462941,.,C,T,384.15,PASS,AC=2;AF=1;AN=2;DP=114;FS=0;MQ=54.75;QD=3.37;SOR=1.356;FractionInformativeReads=1,GT:AD:AF:DP:F1R2:F2R1:GQ:PL:GP:PRI:SB:MB,"1/1:0,114:1:114:0,51:0,63:340:422,343,0:384.15,340.15,0:0,34.77,37.77:0,0,72,42:0,0,59,55"
chr21,10463062,.,A,G,50.07,PASS,AC=1;AF=0.5;AN=2;DP=101;FS=4.629;MQ=110.95;MQRankSum=-1.194;QD=0.5;ReadPosRankSum=0.439;SOR=0.18;FractionInformativeReads=1,GT:AD:AF:DP:F1R2:F2R1:GQ:PL:GP:PRI:SB:MB,"0/1:18,83:0.822:101:8,36:10,47:18:85,0,15:50.072,0.072284,17.826:0,34.77,37.78:0,18,8,75:10,8,39,44"
chr21,10463232,.,T,C,33.84,PASS,AC=1;AF=0.5;AN=2;DP=47;FS=0;MQ=163.34;MQRankSum=0.41;QD=0.72;ReadPosRankSum=3.298;SOR=0.049;FractionInformativeReads=1,GT:AD:AF:DP:F1R2:F2R1:GQ:PL:GP:PRI:SB:MB,"0/1:39,8:0.17:47:14,2:25,6:34:69,0,47:33.844,0.001836,50.002:0,34.77,37.78:0,39,0,8:25,14,6,2"
chr21,10464697,.,G,T,61.83,PASS,AC=2;AF=1;AN=2;DP=55;FS=0;MQ=92.76;MQRankSum=-1.83;QD=1.12;ReadPosRankSum=1.918;SOR=4.294;FractionInformativeReads=1,GT:AD:AF:DP:F1R2:F2R1:GQ:PL:GP:PRI:SB:MB,"1/1:5,50:0.909:55:3,23:2,27:15:99,18,0:61.831,15.031,0.13855:0,34.77,37.77:5,0,50,0:3,2,23,27"
chr21,10470049,.,GTGTTT,G,51.53,PASS,AC=2;AF=1;AN=2;DP=4;FS=0;MQ=73.82;QD=12.88;SOR=1.179;FractionInformativeReads=0.75,GT:AD:AF:DP:F1R2:F2R1:GQ:PL:GP:PRI:SB:MB,"1/1:0,3:1:3:0,2:0,1:7:82,9,0:51.372,6.9968,0.96737:0,29,32:0,0,1,2:0,0,2,1"
chr21,10470068,.,GGTGTGT,"GGTGT,G",21.22,PASS,"AC=1,1;AF=0.5,0.5;AN=2;DP=4;FS=0;MQ=73.82;QD=5.3;SOR=1.179;FractionInformativeReads=0.75",GT:AD:AF:DP:F1R2:F2R1:GQ:PL:GP:PRI:SB:MB,"1/2:0,2,1:0.667,0.333:3:0,1,1:0,1,0:5:23,10,4,14,0,32:21.217,10.123,6.7849,14.04,1.8988,35.153:0,2,5,2,4,5:0,0,1,2:0,0,2,1"
chr21,10473589,.,G,A,41.5,PASS,AC=1;AF=0.5;AN=2;DP=208;FS=3.446;MQ=49.01;MQRankSum=-9.071;QD=0.2;ReadPosRankSum=4.77;SOR=0.993;FractionInformativeReads=1,GT:AD:AF:DP:F1R2:F2R1:GQ:PL:GP:PRI:SB:MB,"0/1:75,133:0.639:208:42,56:33,77:39:76,0,39:41.501,0.00056866,42.208:0,34.77,37.77:30,45,45,88:43,32,64,69"
chr21,10473614,.,C,G,41.5,PASS,AC=1;AF=0.5;AN=2;DP=202;FS=1.179;MQ=50.87;MQRankSum=-7.298;QD=0.21;ReadPosRankSum=1.746;SOR=0.586;FractionInformativeReads=1,GT:AD:AF:DP:F1R2:F2R1:GQ:PL:GP:PRI:SB:MB,"0/1:80,122:0.604:202:42,52:38,70:40:76,0,42:41.5,0.0004325,45.407:0,34.77,37.77:26,54,43,79:42,38,55,67"
chr21,10473980,.,A,C,37.92,PASS,AC=1;AF=0.5;AN=2;DP=32;FS=0;MQ=52.87;MQRankSum=-1.228;QD=1.18;ReadPosRankSum=2.686;SOR=0.399;FractionInformativeReads=1,GT:AD:AF:DP:F1R2:F2R1:GQ:PL:GP:PRI:SB:MB:PS,"0|1:19,13:0.406:32:6,4:13,9:38:73,0,46:37.916,0.00076321,48.501:0,34.77,37.77:0,19,0,13:13,6,9,4:10473970"
chr21,10482863,.,C,A,26.18,PASS,AC=1;AF=0.5;AN=2;DP=26;FS=1.796;MQ=73.03;MQRankSum=-1.734;QD=1.01;ReadPosRankSum=-2.775;SOR=0.33;FractionInformativeReads=1,GT:AD:AF:DP:F1R2:F2R1:GQ:PL:GP:PRI:SB:MB:PS,"0|1:19,7:0.269:26:7,2:12,5:26:61,0,48:26.184,0.010506,50.611:0,34.77,37.77:6,13,3,4:12,7,4,3:10482852"
chr21,10486106,.,T,C,42.33,PASS,AC=2;AF=1;AN=2;DP=3;FS=0;MQ=44.02;QD=14.11;SOR=2.833;FractionInformativeReads=1,GT:AD:AF:DP:F1R2:F2R1:GQ:PL:GP:PRI:SB:MB,"1/1:0,3:1:3:0,0:0,3:7:79,9,0:42.331,6.9978,0.96738:0,34.77,37.77:0,0,0,3:0,0,3,0"
chr21,10491292,.,C,CT,36.07,PASS,AC=1;AF=0.5;AN=2;DP=75;FS=8.774;MQ=42.37;MQRankSum=1.165;QD=0.48;ReadPosRankSum=-0.217;SOR=1.729;FractionInformativeReads=0.987,GT:AD:AF:DP:F1R2:F2R1:GQ:PL:GP:PRI:SB:MB,"0/1:46,28:0.378:74:26,19:20,9:35:66,0,40:36.074,0.0012966,42.876:0,30,33.01:28,18,22,6:28,18,15,13"
chr21,10491751,.,G,A,372.59,PASS,AC=2;AF=1;AN=2;DP=28;FS=0;MQ=32.26;QD=13.31;SOR=6.666;FractionInformativeReads=0.964,GT:AD:AF:DP:F1R2:F2R1:GQ:PL:GP:PRI:SB:MB:PS,"1|1:0,27:1:27:0,14:0,13:337:410,340,0:372.59,336.59,0:0,34.77,37.78:0,0,0,27:0,0,13,14:10491751"
chr21,10497570,.,CAAA,C,25.04,PASS,AC=1;AF=0.5;AN=2;DP=22;FS=9.031;MQ=33.29;MQRankSum=-1.356;QD=1.14;ReadPosRankSum=0.271;SOR=0.023;FractionInformativeReads=0.727,GT:AD:AF:DP:F1R2:F2R1:GQ:PL:GP:PRI:SB:MB,"0/1:10,6:0.375:16:3,2:7,4:23:29,0,34:23.619,0.019717,37.353:0,5,8.01:0,10,2,4:7,3,4,2"
